Campaign,Negative keyword,Match type
Search | Miami | Concierge Requests,free,Broad
Search | Miami | Concierge Requests,cheap,Broad
Search | Miami | Concierge Requests,jobs,Broad
Search | Miami | Concierge Requests,careers,Broad
Search | Miami | Concierge Requests,salary,Broad
Search | Miami | Concierge Requests,training,Broad
Search | Miami | Concierge Requests,course,Broad
Search | Miami | Concierge Requests,software,Broad
Search | Miami | Concierge Requests,template,Broad
Search | Miami | Concierge Requests,definition,Broad
Search | Miami | Concierge Requests,wikipedia,Broad
Search | Miami | Concierge Requests,official site,Phrase
Search | Miami | Concierge Requests,phone number,Phrase
Search | Miami | Concierge Requests,address,Broad
Search | Miami | Concierge Requests,maps,Broad
Search | Miami | Concierge Requests,login,Broad
Search | Miami | Concierge Requests,booking.com,Phrase
Search | Miami | Concierge Requests,expedia,Broad
Search | Miami | Concierge Requests,airbnb,Broad
Search | Miami | Concierge Requests,hostel,Broad
Search | Miami | Concierge Requests,motel,Broad
Search | Miami | Concierge Requests,for sale,Phrase
Search | Miami | Concierge Requests,used cars,Phrase
Search | Miami | Concierge Requests,dealership,Broad
Search | Miami | Concierge Requests,pictures,Broad
Search | Miami | Concierge Requests,wallpaper,Broad
